id,nome,id_departamento,cargo
497,Allison Hill,41,Analista
155,Noah Rhodes,55,Motorista
628,Angie Henderson,56,Analista
256,Daniel Wagner,47,Vendedor
1622,Cristian Santos,45,Motorista
631,Connie Lawrence,56,Vendedor
1067,Abigail Shaffer,55,Engenheiro de Dados
1427,Gina Moore,49,Analista
371,Gabrielle Davis,47,Analista
243,Ryan Munoz,55,Motorista
850,Monica Herrera,56,Vendedor
1665,Jamie Arnold,45,Cientista de Dados
959,Lisa Hensley,55,Gerente
1530,Michele Williams,56,Motorista
1090,Dylan Miller,45,Advogado
1203,Brian Ramirez,56,Vendedor
789,Holly Wood,48,Analista
1677,Derek Zuniga,55,Vendedor
1527,Lisa Jackson,47,Vendedor
1684,Carla Gray,47,Vendedor
585,Margaret Hawkins DDS,45,Motorista
298,Patty Perez,48,Analista
1957,Ethan Adams,56,Vendedor
1307,Tommy Walter,41,Analista
1940,Matthew Foster,41,Gerente
550,Judy Baker,45,Analista
1266,Justin Baker,49,Vendedor
1050,Stephanie Ross,49,Analista
327,Zachary Hicks,49,Analista
1727,Anthony Rodriguez,55,Recrutador
104,Rebecca Henderson,55,Cientista de Dados
167,James Ferrell,41,Engenheiro de Dados
167,Tricia Valencia,41,Vendedor
231,Nathan Maldonado,47,Motorista
1405,Debra Davidson,49,Motorista
1588,Jeffrey Chavez,45,Vendedor
1229,Sherri Baker,48,Recrutador
1704,Cassandra Gaines,49,Recrutador
1010,Elizabeth Fowler,56,Advogado
604,Brittany Farmer,48,Motorista
1273,Paula Moreno,41,Vendedor
1201,Fred Smith,41,Motorista
672,Sherry Decker,47,Analista
1383,Anthony Humphrey,41,Motorista
1488,Angelica Tucker,49,Vendedor
1560,Philip Cannon,56,Cientista de Dados
1157,John Pierce,47,Vendedor
231,Shane Henderson,49,Motorista
1685,Joshua Blair,45,Vendedor
1727,Eric Carney,56,Motorista
770,Jessica Holmes,55,Analista
1506,Danny Morgan,49,Vendedor
242,Crystal Robinson,47,Analista
1653,Mark Perez,56,Vendedor
1318,Shannon Jones,47,Engenheiro de Dados
1110,Michael Lewis,48,Recrutador
985,Timothy Duncan,55,Vendedor
1046,Richard Aguirre,56,Recrutador
1684,Brent Jordan,45,Analista
1753,John Daniel,55,Vendedor
1483,Victoria Garcia,45,Vendedor
851,Gerald Hensley,55,Motorista
449,Connor West,41,Engenheiro de Dados
1903,Donald Wright,49,Analista
511,Jessica Callahan,55,Vendedor
491,Amber Kidd,47,Vendedor
1539,Tracy House,45,Vendedor
1575,Carol Tucker,49,Vendedor
1861,James Brown,47,Motorista
1783,William Baker,49,Engenheiro de Dados
824,Jordan Henderson,56,Analista
463,Whitney Peters,41,Engenheiro de Dados
1883,Brittney Phillips,47,Motorista
1589,Lauren Daniels,47,Analista
764,Amy Silva,55,Vendedor
256,Sarah Moore,49,Advogado
1049,Angela Lopez,45,Motorista
1167,Megan Young,41,Vendedor
1868,Steve Sanchez,48,Cientista de Dados
1300,Lisa Barnes,41,Analista
602,Kelly Donovan,48,Motorista
1992,Mike Allen,49,Vendedor
863,Michael Evans,49,Vendedor
1919,Paul Jones,48,Cientista de Dados
1175,Zachary Ferrell,49,Motorista
1181,Daniel Baker,47,Vendedor
138,Shirley Suarez,41,Engenheiro de Dados
981,Christopher Bass,45,Analista
1904,Lisa Archer,48,Recrutador
197,Aimee Montoya,41,Motorista
391,Matthew Mcmillan,56,Cientista de Dados
1884,Brian Rodriguez,41,Motorista
1326,Denise Jacobs,49,Analista
219,Christina Walters,56,Analista
269,John Whitehead,49,Vendedor
1704,Anna Henderson,41,Analista
354,Aaron Wise,49,Motorista
1688,Deborah Figueroa,55,Analista
187,Jessica Smith,41,Cientista de Dados
911,Stephen Mckee,45,Motorista
1395,Sandra Aguilar,45,Vendedor
755,Cameron Parker,48,Motorista
605,Rebecca Valencia,48,Engenheiro de Dados
1262,Christine Wright,49,Analista
1323,Richard Henson,47,Vendedor
1570,Marc Moore,41,Motorista
606,Sharon Cherry,45,Analista
1084,Sierra Johnson,48,Vendedor
1437,Evelyn Galvan,47,Cientista de Dados
492,Sharon Cochran,41,Vendedor
258,Richard Rodriguez,41,Engenheiro de Dados
1253,Shannon Walker,47,Cientista de Dados
1919,Julia Torres,49,Vendedor
991,Crystal Johnson,48,Vendedor
493,Garrett Lin,45,Analista
1216,Diana May,48,Analista
461,William Herrera,48,Analista
1025,Ashley Waller,45,Analista
410,Victor Baker,55,Vendedor
716,Jeffrey Chandler,41,Analista
1118,Larry Dixon,49,Analista
1483,Kenneth Scott,41,Analista
1807,April Frost,49,Analista
1033,Michelle Harmon,41,Vendedor
487,Helen Jones,45,Analista
1004,Erin Edwards,47,Analista
461,Michelle Evans,48,Vendedor
635,Jason Powell,48,Motorista
961,Cameron Fisher,47,Analista
1093,Megan Orr,41,Vendedor
655,Elizabeth Kelley,45,Recrutador
1061,Dustin Jordan,47,Engenheiro de Dados
1076,Mary Marshall,49,Analista
1535,Daniel Kennedy,48,Vendedor
630,Rebecca Jackson,41,Motorista
118,Jose Schultz,48,Vendedor
281,Robert Potter,47,Motorista
267,Courtney Gonzalez,49,Engenheiro de Dados
1696,David Alvarez,55,Analista
1394,Angel Perry,41,Analista
1196,Cheyenne Horton,41,Vendedor
1022,David Douglas Jr.,55,Recrutador
966,Patricia Rodriguez,48,Cientista de Dados
1063,Christopher Rubio,47,Motorista
258,Amber Wright,56,Analista
1008,Joyce Solis,45,Motorista
1049,Victoria Larson,56,Analista
1831,Stephanie Salazar,47,Motorista
751,Kathy Rivas,45,Motorista
408,Stephanie Manning,55,Analista
577,David Wright,45,Motorista
692,Pamela Boyd,47,Engenheiro de Dados
1189,Denise Jones,49,Analista
190,Devon Flores,47,Engenheiro de Dados
1897,Brenda Hall,56,Analista
689,Michelle Brown,47,Vendedor
580,Joshua Perry,56,Advogado
1960,Jason Stein,55,Recrutador
175,Melissa Gates,48,Analista
304,Jamie Smith,56,Engenheiro de Dados
145,Paul Castaneda,56,Vendedor
1706,Jennifer Adkins,41,Analista
164,Lindsey Walker,49,Analista
352,Jeffrey Johnson,41,Vendedor
1995,Michael Powell,45,Engenheiro de Dados
1903,John Anderson,45,Analista
781,Alyssa Long,48,Cientista de Dados
349,Alyssa Day,41,Engenheiro de Dados
1941,Joel Williams,47,Vendedor
1538,Daniel Murphy,55,Motorista
517,Jamie Walton,48,Analista
430,Darlene Miller,48,Analista
1784,Joshua Cooke,49,Vendedor
738,Matthew Harrington,55,Motorista
817,Nicole Herring,55,Vendedor
339,Alex Hernandez,56,Advogado
1333,Michael Elliott,55,Vendedor
1670,Michael Wang,47,Analista
753,Lawrence Adkins,55,Engenheiro de Dados
704,Robert Oconnell,45,Motorista
1465,Alexander Collins,47,Engenheiro de Dados
1893,Tina Sanders,48,Vendedor
966,Angela Vaughn,48,Vendedor
1097,Ashley Barton,49,Analista
1764,Lindsay Martinez,48,Cientista de Dados
1737,Dr. Hannah Patterson,41,Analista
535,Jonathan Peterson,56,Vendedor
794,Samantha Garcia,41,Analista
1121,Madison Poole,56,Vendedor
570,Jessica Gross,49,Vendedor
1042,Debra Morton,55,Engenheiro de Dados
1122,Karen Graham,45,Analista
1203,Debra Christian,56,Cientista de Dados
1986,Angelica Keith,47,Analista
1863,John Bishop,55,Engenheiro de Dados
1395,Allen Rosales,45,Vendedor
348,Daniel Salinas,41,Engenheiro de Dados
1283,Spencer Haynes,41,Motorista
1792,Adam Vaughan,41,Vendedor
1325,Nathan Freeman,47,Motorista
1236,Melissa Brewer,55,Engenheiro de Dados
1108,Ricky Davis II,49,Analista
776,Elizabeth Perkins,47,Engenheiro de Dados
187,Joseph Coleman,47,Motorista
822,Erin Warner,56,Analista
1343,David Martinez,47,Motorista
1619,Bryan Herrera,48,Vendedor
612,Cathy Robinson,55,Gerente
514,Dr. William Warren,55,Analista
883,Brian Lee,47,Engenheiro de Dados
389,Christopher Smith,45,Vendedor
770,Denise Mccann,45,Advogado
192,Melissa Martinez,55,Engenheiro de Dados
1553,Katherine Salas,55,Engenheiro de Dados
996,Julie Alexander,41,Motorista
1165,Anthony Everett,47,Engenheiro de Dados
366,Rodney Morales,41,Vendedor
1866,Mark Brown,47,Vendedor
277,Justin Torres,47,Motorista
1617,Bailey Duran DDS,49,Vendedor
1132,Courtney Mills,47,Motorista
1990,Jeremy Dalton,48,Analista
661,Elizabeth Oliver DDS,55,Analista
1704,Theresa Clark,45,Engenheiro de Dados
983,Matthew Moore,47,Diretor
189,Benjamin Smith,55,Advogado
643,Kirk Carter,45,Recrutador
679,Michael Warner,48,Motorista
916,Michael Bradshaw,55,Vendedor
143,Lori Guerrero,47,Engenheiro de Dados
1901,Jessica Stephens,41,Vendedor
1159,Susan Serrano,41,Vendedor
584,Christopher Parker,41,Vendedor
978,Laura Roberts,41,Vendedor
1602,Michael Lyons,41,Engenheiro de Dados
2000,Kathryn Snyder,45,Engenheiro de Dados
1867,Andrew Reynolds,41,Vendedor
1026,David Davis,55,Motorista
116,Sara Johnston,55,Motorista
1091,Yvonne Chambers,56,Vendedor
617,Andrew Avila,55,Motorista
1106,Matthew Moon,41,Vendedor
911,Kevin Walters,56,Motorista
1237,Brandon Bailey MD,55,Vendedor
516,Shannon Rivera,47,Analista
1924,Donna Landry,55,Cientista de Dados
929,Krista Gibson,55,Vendedor
1874,Frank Cordova,55,Engenheiro de Dados
1349,Jose Travis,49,Vendedor
309,Kimberly Gutierrez,55,Motorista
508,Isaiah Avila,49,Analista
898,Olivia Harris,47,Motorista
1566,Tanya Kim,45,Gerente
1947,Barbara Dudley,41,Vendedor
1050,Cynthia Moore,47,Vendedor
284,Kristen Davis,56,Motorista
1983,Susan Murray MD,49,Analista
1758,Kathleen Moran,47,Motorista
457,Denise Davenport,56,Recrutador
1681,Mrs. Kristen Reyes,41,Analista
725,Katie Suarez,41,Vendedor
1980,Desiree Tyler,47,Motorista
301,Timothy Romero,41,Analista
288,Diane Evans,45,Cientista de Dados
1341,Yvonne Burns,55,Cientista de Dados
1079,Joshua Reed,41,Motorista
189,Kimberly Gibson,49,Motorista
951,Colin Terry,55,Engenheiro de Dados
694,Cynthia Rowe,47,Analista
1873,Patrick Thornton,41,Cientista de Dados
1615,Jasmin Alvarado,47,Analista
511,Veronica Simpson,47,Advogado
1916,Jonathan Lawrence,49,Analista
1232,Shelly Alexander,45,Motorista
957,Joyce Bowen,41,Vendedor
1946,Matthew Moore,45,Analista
987,Wayne Morgan,48,Engenheiro de Dados
1214,Marie Christian,55,Vendedor
785,Shannon James,55,Motorista
588,Nathan Malone,49,Analista
104,Amanda Jones,56,Analista
926,Tammie Bright,49,Analista
1495,Jessica Garcia,49,Analista
662,Shelia Wallace,41,Analista
1945,Stephanie Williams,55,Motorista
1849,Elaine Brooks,41,Analista
103,Joseph Knight,56,Cientista de Dados
854,Carolyn Miller,47,Motorista
437,Lisa Allen,41,Recrutador
1449,Briana Murray,45,Analista
501,David Smith,55,Motorista
1159,Stephanie Byrd,45,Vendedor
308,Jeremy Reed,55,Vendedor
1472,Margaret Coleman,41,Vendedor
394,Ryan Gonzalez,47,Motorista
1376,John Young,48,Analista
534,Laura Haney,41,Vendedor
797,William Barrett,48,Vendedor
864,Keith Jennings,41,Motorista
1638,Amber Obrien,41,Vendedor
1719,Tanner Mitchell DDS,41,Vendedor
1760,Heather Fields,47,Vendedor
1996,Megan Le,55,Engenheiro de Dados
132,Sara Fuller,47,Motorista
1490,Maria Parker,56,Motorista
568,Kevin Oconnor,55,Vendedor
1279,Edward Burgess,47,Motorista
390,Carlos Ryan,48,Engenheiro de Dados
330,Kiara Mcintyre,45,Motorista
1134,Dawn Summers,55,Vendedor
977,Dr. Paul Morgan,45,Motorista
621,Victor Taylor,49,Cientista de Dados
873,Shannon Ramsey,56,Analista
1804,Tracy Ballard,45,Motorista
579,Richard Smith,47,Engenheiro de Dados
910,Jordan Chambers,56,Analista
1441,Lauren Carson,41,Engenheiro de Dados
404,Ashley Hall,41,Diretor
1018,Stephen Hoffman,49,Vendedor
885,Connie Brown,45,Vendedor
950,Susan Turner,47,Vendedor
856,Charles Shah,41,Engenheiro de Dados
1574,Johnathan Davis,45,Analista
1007,Brandy Chavez,45,Cientista de Dados
1215,Natalie Bautista,49,Vendedor
646,Patrick Moore,41,Analista
1222,Brett Burns,55,Vendedor
1744,Trevor Johnson,45,Gerente
1417,Jeremy Sampson,48,Vendedor
1621,Ariana Jennings,47,Engenheiro de Dados
844,Vanessa Howard,56,Motorista
1297,Colton Martinez,55,Analista
1671,Jordan Bates,56,Motorista
849,Linda Smith,47,Motorista
1253,Dana Martinez,45,Vendedor
1460,Andrea Hubbard,47,Analista
412,Daniel Kane,55,Analista
656,Charles Lester,48,Vendedor
1530,Scott Thomas,49,Analista
1334,David Thompson,47,Motorista
375,Allison Smith,56,Motorista
1635,Cynthia Morris,56,Vendedor
1491,Anthony Harmon,47,Vendedor
558,Nichole Alvarez,41,Vendedor
248,Kayla Rodriguez,49,Vendedor
297,Theresa Williams,55,Gerente
1453,Sharon Boyd,45,Recrutador
1301,Victor Brown,49,Vendedor
621,James Parks,48,Cientista de Dados
1563,Theodore Jones Jr.,56,Motorista
695,Ana Hill,41,Motorista
1731,Kimberly Nguyen,56,Motorista
610,Kerry Chavez DDS,55,Vendedor
316,Michael Farrell,45,Gerente
640,Patricia Le,47,Analista
1179,Jesse Perez,56,Vendedor
1509,Jesse Perry,56,Vendedor
1246,Jeffery Ortega,56,Motorista
1493,Christian Leblanc,45,Motorista
1508,Ronald Davis,55,Analista
362,Parker Cain,47,Engenheiro de Dados
334,Laurie Hoffman,41,Vendedor
844,Bryan Gomez,48,Vendedor
1126,Nicole Parrish,47,Motorista
167,Tracy Burke,55,Vendedor
1845,Kenneth Lewis,55,Motorista
214,Courtney Rodriguez,49,Cientista de Dados
1097,Holly Farmer,47,Motorista
276,Renee Bruce,49,Engenheiro de Dados
1773,Sabrina Austin,47,Vendedor
331,Allison Hickman,41,Analista
1713,Debra White,55,Analista
1971,Ellen Morgan,47,Vendedor
1455,Sergio Knight,45,Vendedor
1103,Charles Schultz,48,Engenheiro de Dados
1330,Paul Lewis,47,Advogado
1259,Glen Wood,56,Vendedor
1880,Paula Bradley,55,Analista
781,Anthony Moore,48,Advogado
1426,Megan Nelson,47,Engenheiro de Dados
975,Karla Ramos,49,Analista
393,Paul Wilson,49,Vendedor
1728,Douglas Gregory,41,Gerente
1302,Mr. Andrew Foster,47,Vendedor
1707,Aimee Turner,56,Engenheiro de Dados
1823,Chad Scott,49,Vendedor
771,Adam Burgess,49,Vendedor
1735,James Padilla,48,Cientista de Dados
824,Sandra Drake,45,Motorista
779,Scott Williams,56,Engenheiro de Dados
1500,Thomas Atkins,41,Vendedor
1468,Laura Mckinney,56,Vendedor
1682,Brian Smith,47,Analista
251,Robert Montgomery,56,Analista
1871,Tamara Davis,49,Motorista
1084,Dana Chapman,48,Advogado
133,Jennifer Collins,56,Vendedor
662,Gary Jackson,45,Gerente
1181,Ashley Hicks,41,Cientista de Dados
1535,Hannah Luna,47,Analista
709,Robin Young,55,Analista
1272,Craig Morrison,55,Motorista
1021,Mary Thompson,45,Engenheiro de Dados
1384,Kathleen Webster,49,Vendedor
1759,Joann Glass,48,Vendedor
401,Madison Weber,48,Engenheiro de Dados
1424,Lori Hernandez,48,Engenheiro de Dados
1090,Jeremy Turner,47,Analista
338,Anthony Romero,41,Analista
1228,Jesse Brown,48,Motorista
1729,Angela Lin,56,Motorista
884,Lisa Hunter,55,Analista
132,Julian Conner,49,Analista
705,Joanna Pacheco,47,Recrutador
1225,Erica Alvarez,48,Vendedor
1423,Antonio Garcia,41,Analista
1495,Gwendolyn Klein,45,Vendedor
760,Carrie Wright,55,Cientista de Dados
671,Jeffrey Mills,45,Advogado
1832,Jake Campbell,56,Recrutador
434,George Harper,55,Motorista
1850,Maria Jones,56,Gerente
640,Michael Mitchell,48,Engenheiro de Dados
1486,Mary Escobar,56,Engenheiro de Dados
1902,Felicia Aguilar,45,Motorista
1221,Gregory Ponce,56,Analista
1326,Jenna Larson,45,Advogado
856,Emily Bennett,48,Engenheiro de Dados
1113,Robin Santiago,49,Engenheiro de Dados
983,Nancy Jennings,55,Vendedor
1486,Maria Henderson,45,Recrutador
509,Jack White,49,Gerente
948,Travis Tucker,49,Analista
907,Chad Jones,45,Vendedor
518,Ashley Wise,45,Vendedor
534,Sophia Johnson,48,Recrutador
1343,Ralph Anderson,41,Vendedor
543,Christopher Guerra,49,Gerente
1603,Rhonda Martin,41,Motorista
1629,Jason Rhodes,41,Motorista
221,Jeremy Mitchell,47,Engenheiro de Dados
1879,Joann Ferguson,55,Vendedor
909,Robert Harrison,49,Vendedor
1311,Holly Valentine,41,Motorista
1668,Mrs. Diane Reyes,55,Motorista
1805,Tracy Montoya,45,Motorista
814,Brenda Wright,41,Vendedor
1932,Shelly Spencer,48,Analista
1552,Ryan Rosales,55,Vendedor
783,Phillip Nelson,45,Vendedor
1586,Brittany Kim,47,Analista
189,Courtney Hayes,41,Engenheiro de Dados
1826,Alexander Brown,48,Motorista
1669,Cynthia Vang,48,Engenheiro de Dados
879,Alfred Galvan,56,Recrutador
230,Marie Moody,45,Engenheiro de Dados
1159,Dustin Gallegos,41,Engenheiro de Dados
537,Brenda Thornton,48,Vendedor
1566,Aaron Miller,55,Motorista
446,Ruben Dunn,49,Advogado
954,Kelsey Rodriguez,56,Vendedor
397,Eric Williams,49,Vendedor
140,Riley Bryant,41,Analista
295,Taylor Carlson,55,Engenheiro de Dados
1911,Jose Allen,48,Engenheiro de Dados
111,Jeffrey Mendez,41,Vendedor
574,Jason Beck,48,Vendedor
697,William Jones,48,Vendedor
413,Katie Mcneil,48,Vendedor
1507,Jeanette Harrison,55,Cientista de Dados
711,Veronica King,45,Motorista
609,Richard Cooper,45,Analista
381,Lori Ingram,48,Analista
259,Evelyn Williams,47,Vendedor
1668,Robin Thompson,56,Vendedor
1095,Julie Dominguez,45,Analista
1573,Robin Brown,41,Engenheiro de Dados
439,Judith Carter,41,Engenheiro de Dados
846,Curtis Williams,45,Vendedor
1652,Kaylee Hays,47,Motorista
1972,Dawn Mullins,56,Analista
1964,Howard Norman,41,Engenheiro de Dados
1815,Evelyn Martinez,48,Analista
1801,Steve Paul,41,Analista
612,Jasmine Beltran,41,Vendedor
1045,Jonathan Glass MD,49,Vendedor
143,Monica Miller,56,Vendedor
1748,Samantha Gardner,47,Analista
1873,Bobby Guerrero,41,Engenheiro de Dados
1310,Lance Simmons,41,Analista
1427,Heather Williams,56,Analista
839,Heather Bolton,47,Engenheiro de Dados
1359,William Gould,49,Analista
1807,Mark Cox,55,Motorista
773,Meghan Cisneros,48,Recrutador
1848,Lawrence Harrington,56,Motorista
140,Austin Osborne,49,Engenheiro de Dados
1517,James Bradley,41,Vendedor
886,Meghan Rush,56,Motorista
